---
layout: blog
back: true
comments: True
flag: Oracle
background: gray
category: åç«¯
title: SQL è¯­æ³•
date:   2019-02-14 22:19:00 GMT+0800 (CST)
background-image: https://i.loli.net/2018/04/13/5ad0695146748.jpg
tags:
- Oracle
- sql
---
# {{ page.title }}

## ä»€ä¹ˆæ˜¯ SQL

**SQL** æ˜¯ä¸€ç§ç»“æ„åŒ–æŸ¥è¯¢è¯­è¨€ï¼Œç”¨æ¥ç®¡ç†[**å…³ç³»å‹æ•°æ®åº“**](https://zh.wikipedia.org/wiki/é—œè¯å¼è³‡æ–™åº«ç®¡ç†ç³»çµ±)ã€‚å¯ä»¥æŠŠ SQL åˆ†ä¸ºä¸¤ä¸ªéƒ¨åˆ†:

* **æ•°æ®æ“ä½œè¯­è¨€(DML)** - æŸ¥è¯¢å’Œæ›´æ–°æŒ‡ä»¤
  * **SELECT** - ä»æ•°æ®åº“è¡¨ä¸­è·å–æ•°æ®
  * **UPDATE** - æ›´æ–°æ•°æ®åº“è¡¨ä¸­çš„æ•°æ®
  * **DELETE** - ä»æ•°æ®åº“è¡¨ä¸­åˆ é™¤æ•°æ®
  * **INSERT INTO** - å‘æ•°æ®åº“è¡¨ä¸­æ’å…¥æ•°æ®
* **æ•°æ®å®šä¹‰è¯­è¨€(DDL)** - åˆ›å»ºæˆ–åˆ é™¤è¡¨æ ¼
  * **CREATE TABLE** - åˆ›å»ºæ–°è¡¨
  * **ALTER TABLE** - å˜æ›´(æ”¹å˜)æ•°æ®åº“è¡¨
  * **DROP TABLE** - åˆ é™¤è¡¨

> ä¸Šé¢åªæ˜¯åˆ—å‡ºæˆ‘å¸¸ç”¨çš„ï¼Œä»¥å‰æ¥è§¦çš„æ¯”è¾ƒå¤šï¼Œä¸»è¦æ˜¯å› ä¸ºåšæ•°æ®å¯è§†åŒ–ï¼Œç”¨çš„æ˜¯æŠ¥è¡¨å·¥å…·[å¸†è½¯(FineReport)](http://www.finereport.com)ï¼Œéƒ½æ˜¯ç›´è¿æ•°æ®åº“çš„ï¼Œå¯æƒœä¹‹å‰å†™çš„éƒ½æ²¡æœ‰ä¿å­˜ä¸‹æ¥ ğŸ˜­ã€‚

## SQL åŸºæœ¬è¯­æ³•

ä»¥ä¸‹åŸºäº Oracle æ•°æ®åº“ä»‹ç»åŸºæœ¬è¯­æ³•ï¼Œå¯ç›´æ¥å‚ç…§ [w3school çš„æ•™ç¨‹](http://www.w3school.com.cn/sql/index.asp)äº†ï¼Œç»™å‡ºä¸€ä¸ªå¤§å®¶éƒ½ç†Ÿæ‚‰çš„æ —å­ ğŸŒ°:

```SQL
-- å¯¹å¤§å°å†™ä¸æ•æ„Ÿ
SELECT LastName,FirstName AS aliasName FROM Persons
```

### distinct

**distinct** å¯ä»¥è¿‡æ»¤æ‰é‡å¤çš„å€¼:

```SQL
-- åªä¼šåˆ—å‡ºä¸åŒå€¼çš„ Company å­—æ®µ
SELECT DISTINCT Company FROM Orders
```

### where

**where** å¯ä»¥åœ¨æŸ¥è¯¢æ—¶å¢åŠ æ¡ä»¶ï¼Œæ“ä½œç¬¦å¦‚ä¸‹:

| æ“ä½œç¬¦ | æè¿° |
|:--------------|:---------|
| = | ç­‰äº |
| <> | ä¸ç­‰äº |
| > | å¤§äº |
| < | å°äº |
| >= | å¤§äºç­‰äº |
| <= | å°äºç­‰äº |
| BETWEEN | åœ¨æŸä¸ªèŒƒå›´å†… |
| LIKE | æœç´¢æŸç§æ¨¡å¼ |
| IN | è§„å®šå¤šä¸ªå€¼ |

```SQL
SELECT åˆ—åç§° FROM è¡¨åç§° WHERE åˆ— è¿ç®—ç¬¦ å€¼

SELECT * FROM Persons WHERE City='Shenzhen'
-- è¡¨çš„åˆ—å¯ä»¥å­˜æ”¾ NULL å€¼
SELECT LastName,FirstName,Address FROM Persons WHERE Address IS NOT NULL
-- rownum è¿™é‡Œè¡¨ç¤ºè¡¨çš„è¡Œæ•°
SELECT * FROM Persons WHERE ROWNUM <= 5
```

**like** å¯ä»¥ä¸ä¸€äº›é€šé…ç¬¦æ­é…ä½¿ç”¨ï¼Œé€šé…ç¬¦å¦‚ä¸‹:

| é€šé…ç¬¦ | æè¿° |
|:--------------|:---------|
| **%** | æ›¿ä»£ä¸€ä¸ªæˆ–å¤šä¸ªå­—ç¬¦ |
| **_** | ä»…æ›¿ä»£ä¸€ä¸ªå­—ç¬¦ |
| [charlist] | å­—ç¬¦åˆ—ä¸­çš„ä»»ä½•å•ä¸€å­—ç¬¦ |
| [^charlist] æˆ–è€… [!charlist] | ä¸åœ¨å­—ç¬¦åˆ—ä¸­çš„ä»»ä½•å•ä¸€å­—ç¬¦ |

```SQL
-- åˆ—å‡ºä»¥ N å¼€å¤´çš„åŸå¸‚åç§°
SELECT * FROM Persons WHERE City LIKE 'N%'
-- åˆ—å‡ºä»¥ A æˆ– L æˆ– N å¼€å¤´çš„åŸå¸‚åç§°
SELECT * FROM Persons WHERE City LIKE '[ALN]%'
-- åˆ—å‡ºåå­—çš„ç¬¬ä¸€ä¸ªå­—ç¬¦ä¹‹åæ˜¯ "eorge" çš„äºº
SELECT * FROM Persons WHERE FirstName LIKE '_eorge'
```

**in** å¯ä»¥è§„å®šå¤šä¸ªå€¼:

```SQL
SELECT * FROM Person WHERE LastName IN ('Adams','Carter')
```

**AND** å’Œ **OR** å¯åœ¨ WHERE å­è¯­å¥ä¸­æŠŠä¸¤ä¸ªæˆ–å¤šä¸ªæ¡ä»¶ç»“åˆèµ·æ¥:

```SQL
SELECT * FROM Persons WHERE (FirstName='Thomas' OR FirstName='William') AND LastName='Carter'
```

### Order By

**Order By** å¯ä»¥æ ¹æ®æŒ‡å®šçš„åˆ—å¯¹ç»“æœé›†è¿›è¡Œæ’åºã€‚é»˜è®¤ä¸ºå‡åºï¼Œå³ **ASC**ï¼Œä¹Ÿå¯ä»¥ä½¿ç”¨ **DESC** å…³é”®å­—é™åº:

```SQL
-- ä¾æ¬¡æŒ‰ç…§ Companyã€OrderNumber æ’åº
SELECT Company, OrderNumber FROM Orders ORDER BY Company, OrderNumber
-- åˆ†åˆ«ä½¿ç”¨å‡åºåŠé™åº
SELECT Company, OrderNumber FROM Orders ORDER BY Company DESC, OrderNumber ASC
```

è¿˜å¯ä»¥ç»“åˆ **nlssort** å‡½æ•°è¿›è¡Œå¯¹æ‹¼éŸ³æˆ–ç¬”åˆ’ç­‰çš„æ’åº:

```SQL
SELECT * FROM TEAM ORDER BY NLSSORT(æ’åºå­—æ®µå,'NLS_SORT = SCHINESE_PINYIN_M') -- æ‹¼éŸ³
SELECT * FROM TEAM ORDER BY NLSSORT(æ’åºå­—æ®µå,'NLS_SORT = SCHINESE_STROKE_M') -- ç¬”åˆ’
SELECT * FROM TEAM ORDER BY NLSSORT(æ’åºå­—æ®µå,'NLS_SORT = SCHINESE_RADICAL_M') -- éƒ¨é¦–
```

è¿˜å¯ä»¥é…åˆ **decode** å‡½æ•°æŒ‰ç…§åºå·è‡ªå®šä¹‰æ’åº:

```SQL
SELECT * FROM table_name ORDER BY DECODE(æ¡ä»¶,å€¼1,è¿”å›å€¼1,å€¼2,è¿”å›å€¼2,...å€¼n,è¿”å›å€¼n);
```

### union

**union** å¯ä»¥åˆå¹¶ä¸¤ä¸ªæˆ–å¤šä¸ª SELECT è¯­å¥çš„ç»“æœé›†:

```SQL
-- UNION å‘½ä»¤ä¼šè¿‡æ»¤ç›¸åŒçš„å€¼
SELECT E_Name FROM Employees_China
UNION
SELECT E_Name FROM Employees_USA
```

### exists

**exists** å¯ä»¥è¿›è¡Œè”è¡¨æŸ¥è¯¢ï¼Œç”¨äºæ£€æŸ¥å­æŸ¥è¯¢è¿”å›è¡Œçš„å­˜åœ¨æ€§ã€‚åœ¨è¿™ç§æƒ…å†µä¸‹ç›¸å¯¹äº IN(æ²¡æœ‰èµ°ç´¢å¼•)ï¼Œä½¿ç”¨ EXISTS(æˆ– NOT EXISTS)é€šå¸¸å°†æé«˜æŸ¥è¯¢çš„æ•ˆç‡ã€‚

```SQL
-- ä½æ•ˆ
SELECT * FROM emp WHERE sal > 1000 AND deptno IN (SELECT deptno FROM dept WHERE loc = 'DALLAS')
-- é«˜æ•ˆ
SELECT * FROM emp WHERE sal > 1000 AND EXISTS (SELECT 1 FROM dept WHERE deptno = emp.deptno AND loc = 'DALLAS')
```

### join

**join** å¯ä»¥è¿›è¡Œè”è¡¨æŸ¥è¯¢ï¼Œæ•°æ®åº“ä¸­çš„è¡¨å¯é€šè¿‡é”®å°†å½¼æ­¤è”ç³»èµ·æ¥ã€‚**ä¸»é”®(Primary Key)**æ˜¯ä¸€ä¸ªåˆ—ï¼Œåœ¨è¿™ä¸ªåˆ—ä¸­çš„æ¯ä¸€è¡Œçš„å€¼éƒ½æ˜¯å”¯ä¸€çš„ã€‚åœ¨è¡¨ä¸­ï¼Œæ¯ä¸ªä¸»é”®çš„å€¼éƒ½æ˜¯å”¯ä¸€çš„ã€‚

* **INNER JOIN** - å†…è¿æ¥ï¼ŒåŒ **JOIN** åœ¨è¡¨ä¸­å­˜åœ¨è‡³å°‘ä¸€ä¸ªåŒ¹é…æ—¶ï¼Œåˆ™è¿”å›è¡Œã€‚
* **LEFT JOIN** - å³ä½¿å³è¡¨ä¸­æ²¡æœ‰åŒ¹é…ï¼Œä¹Ÿä»å·¦è¡¨è¿”å›æ‰€æœ‰çš„è¡Œ
* **RIGHT JOIN** - å³ä½¿å·¦è¡¨ä¸­æ²¡æœ‰åŒ¹é…ï¼Œä¹Ÿä»å³è¡¨è¿”å›æ‰€æœ‰çš„è¡Œ
* **FULL JOIN** - åªè¦å…¶ä¸­ä¸€ä¸ªè¡¨ä¸­å­˜åœ¨åŒ¹é…ï¼Œå°±è¿”å›è¡Œ

```SQL
SELECT p.LastName, p.FirstName, o.OrderNo FROM Persons AS p, Orders AS o WHERE p.Id_P = o.Id_P

SELECT * FROM Persons,Orders WHERE Persons.Id_P = Orders.Id_P
-- ç­‰ä»·äº
SELECT * FROM Persons INNER JOIN Orders ON Persons.Id_P = Orders.Id_P
```

```SQL
-- LEFT JOIN å…³é”®å­—ä¼šä»å·¦è¡¨(Persons)é‚£é‡Œè¿”å›æ‰€æœ‰çš„è¡Œï¼Œå³ä½¿åœ¨å³è¡¨(Orders)ä¸­æ²¡æœ‰åŒ¹é…çš„è¡Œã€‚RIGHT JOIN åä¹‹ã€‚FULL JOIN åˆ™éƒ½è¿”å›
SELECT Persons.LastName, Persons.FirstName, Orders.OrderNo FROM Persons LEFT JOIN Orders ON Persons.Id_P = Orders.Id_P
```

### case when

**case when** å¯ä»¥è¿›è¡Œæ¡ä»¶çš„é€‰æ‹©ï¼Œå¹¶ç»™å‡ºå¯¹åº”çš„å€¼:

```SQL
CASE sex
WHEN '1' THEN 'ç”·'
WHEN '2' THEN 'å¥³'
ELSE 'å…¶ä»–' END

-- ç­‰ä»·äº
CASE
WHEN sex = '1' THEN 'ç”·'
WHEN sex = '2' THEN 'å¥³'
ELSE 'å…¶ä»–' END
```

```SQL
SELECT u.id,u.name,u.sex,
  (CASE u.sex
    WHEN 1 THEN 'ç”·'
    WHEN 2 THEN 'å¥³'
    ELSE 'äººå¦–'
    END
   ) æ€§åˆ«
FROM users u;
```

### è¿æ¥ç¬¦ ||

**\|\|** è¡¨ç¤ºæ‹¼æ¥ï¼Œå¦‚ `'a'||'b'` ç­‰ä»·äº `'ab'`ï¼Œå½“ç„¶ä¸åŒæ•°æ®åº“ä¸­çš„å­—ç¬¦ä¸²è¿æ¥ç¬¦å¯èƒ½ä¹Ÿä¸åŒï¼Œæ¯”å¦‚ SQL Server ä¸­çš„ "+"ã€‚è€Œ [MySQL](http://www.runoob.com/mysql/mysql-tutorial.html) åˆ™ç”¨çš„ concat å‡½æ•°ã€‚

### update ç­‰æ›´æ–°æŒ‡ä»¤

1ã€**update** å¯ä»¥æ›´æ–°æ•°æ®åº“è¡¨ä¸­çš„æ•°æ®:

```SQL
UPDATE è¡¨åç§° SET åˆ—åç§° = æ–°å€¼ WHERE åˆ—åç§° = æŸå€¼

UPDATE Person SET FirstName = 'Fred' WHERE LastName = 'Wilson'
```

2ã€**delete** å¯ä»¥ä»æ•°æ®åº“è¡¨ä¸­åˆ é™¤æŸè¡Œæ•°æ®æˆ–è€…æ•´ä¸ªè¡¨æ•°æ®:

```SQL
DELETE FROM è¡¨åç§° WHERE åˆ—åç§° = å€¼
DELETE è¡¨åç§° -- åˆ é™¤æ•´å¼ è¡¨æ•°æ®

DELETE FROM Person WHERE LastName = 'Wilson'
```

è¿™é‡Œä»‹ç»ä¸€ä¸‹ä¸ **truncate** çš„åŒºåˆ«ï¼Œä½¿ç”¨ truncate è¯­å¥æ˜¯åˆ é™¤è¡¨ä¸­çš„æ‰€æœ‰è®°å½•ï¼Œä½†åªæ”¯æŒ table è€Œä¸æ”¯æŒè§†å›¾:

```SQL
TRUNCATE [TABLE] è¡¨åç§°
```

ç”±äº delete è¯­å¥åˆ é™¤è®°å½•æ—¶å€™ï¼Œè®°å½•æ˜¯é€æ¡åˆ é™¤çš„ï¼Œè€Œ truncate è¯­å¥åˆ é™¤æ•°æ®æ—¶ä¸äº§ç”Ÿå›é€€ä¿¡æ¯ã€‚æ‰€ä»¥å¦‚æœéœ€è¦åˆ é™¤å¤§é‡æ•°æ®çš„æ—¶å€™ä½¿ç”¨ delete åˆ™å ç”¨è¾ƒå¤šçš„ç³»ç»Ÿèµ„æºï¼Œè€Œå¦‚æœä½¿ç”¨ truncate åˆ™ä¼šå¿«çš„å¤šã€‚

3ã€**insert into** å¯ä»¥å‘æ•°æ®åº“è¡¨ä¸­æ’å…¥æ•°æ®:

```SQL
INSERT INTO table_name (åˆ—1, åˆ—2,...) VALUES (å€¼1, å€¼2,....)

INSERT INTO Persons (LastName, Address) VALUES ('Wilson', 'Champs-Elysees')
```

## SQL å‡½æ•°

SQL æ‹¥æœ‰å¾ˆå¤šå¯ç”¨äºè®¡æ•°å’Œè®¡ç®—çš„å†…å»ºå‡½æ•°ï¼Œä»¥ä¸‹åˆ—å‡ºä¸€äº›å¸¸ç”¨çš„:

| æ¨¡å— | æè¿° |
|:--------------|:---------|
| AVG(column) | è¿”å›æŸåˆ—çš„å¹³å‡å€¼ |
| COUNT(column) | è¿”å›æŸåˆ—çš„è¡Œæ•°(ä¸åŒ…æ‹¬ NULL å€¼) |
| COUNT(*) | è¿”å›è¢«é€‰è¡Œæ•° |
| MAX(column) | è¿”å›æŸåˆ—çš„æœ€é«˜å€¼ |
| MIN(column) | è¿”å›æŸåˆ—çš„æœ€ä½å€¼ |
| SUM(column) | è¿”å›æŸåˆ—çš„æ€»å’Œ |

```SQL
SELECT Customer FROM Orders WHERE OrderPrice > (SELECT AVG(OrderPrice) FROM Orders)

SELECT COUNT(DISTINCT column_name) AS names FROM table_name
```

### Group By

**GROUP BY** è¯­å¥ç”¨äºç»“åˆåˆè®¡å‡½æ•°(å¦‚ SUM)ï¼Œæ ¹æ®ä¸€ä¸ªæˆ–å¤šä¸ªåˆ—å¯¹ç»“æœé›†è¿›è¡Œåˆ†ç»„:

```SQL
SELECT Customer,SUM(OrderPrice) FROM Orders GROUP BY Customer
```

è¯¥è¯­å¥åé¢è¿˜å¯ä»¥æ¥ **ROLLUP** æˆ– **CUBE**ã€**GROUPING SETS** ç­‰è¾…åŠ©å‡½æ•°ï¼Œè¿™é‡Œåªç®€å•ä»‹ç»ä¸‹ ROLLUPï¼Œå¯ä»¥æ£€ç´¢å‡ºæ›´å¤šçš„åˆ†ç»„èšåˆä¿¡æ¯ï¼Œä»¥ä¸‹æ —å­æ‘˜è‡ªè¿™é‡Œ:

```SHELL
SELECT dep,pos,AVG(sal) FROM employee GROUP BY dep,pos;
+------+------+-----------+
| dep | pos | avg(sal) |
+------+------+-----------+
| 01 | 01 | 1500.0000 |
| 01 | 02 | 1950.0000 |
| 02 | 01 | 1500.0000 |
| 02 | 02 | 2450.0000 |
| 03 | 01 | 2500.0000 |
| 03 | 02 | 2550.0000 |
+------+------+-----------+
6 rows in set (0.02 sec)
```

```SHELL
SELECT dep,pos,AVG(sal) FROM employee GROUP BY rollup(dep,pos);
+------+------+-----------+
| dep | pos | avg(sal) |
+------+------+-----------+
| 01 | 01 | 1500.0000 |
| 01 | 02 | 1950.0000 |
| 01 | NULL | 1725.0000 |
| 02 | 01 | 1500.0000 |
| 02 | 02 | 2450.0000 |
| 02 | NULL | 2133.3333 |
| 03 | 01 | 2500.0000 |
| 03 | 02 | 2550.0000 |
| 03 | NULL | 2533.3333 |
| NULL | NULL | 2090.0000 |
+------+------+-----------+
10 rows in set (0.00 sec)
```

| æ¨¡å— | æè¿° |
|:--------------|:---------|
| **ROLLUP** | GROUPÂ BYÂ ROLLUP(A,B,C) | é¦–å…ˆå¯¹(A,B,C)è¿›è¡Œåˆ†ç»„ï¼Œç„¶åå¯¹(A,B)è¿›è¡Œåˆ†ç»„ï¼Œç„¶åæ˜¯(A)è¿›è¡Œåˆ†ç»„ï¼ŒÂ æœ€åå¯¹å…¨è¡¨è¿›è¡Œåˆ†ç»„æ“ä½œ |
| **CUBE** | GROUPÂ BY CUBE(A,B,C) | é¦–å…ˆå¯¹(A,B,C)è¿›è¡Œåˆ†ç»„ï¼Œç„¶åä¾æ¬¡å¯¹(A,B)ã€(A,C)ã€(A)ã€(B,C)ã€(B)ã€(C)è¿›è¡Œåˆ†ç»„ï¼Œæœ€åå¯¹å…¨è¡¨è¿›è¡Œåˆ†ç»„æ“ä½œ |
| **GROUPINGÂ SETS** | GROUPÂ BYÂ GROUPINGÂ SETS(A,B,C) |  ä¾æ¬¡å¯¹(C)ã€(B)ã€(A)è¿›è¡Œåˆ†ç»„ |

### Having

åœ¨ SQL ä¸­å¢åŠ  **HAVING** å­å¥åŸå› æ˜¯ï¼ŒWHERE å…³é”®å­—æ— æ³•ä¸åˆè®¡å‡½æ•°ä¸€èµ·ä½¿ç”¨:

```SQL
-- æŸ¥æ‰¾è®¢å•æ€»é‡‘é¢å°‘äº 2000 çš„å®¢æˆ·
SELECT Customer,SUM(OrderPrice) FROM Orders GROUP BY Customer HAVING SUM(OrderPrice) < 2000
```

### decode

**decode** å‡½æ•°ä¸ä¸€ç³»åˆ—åµŒå¥—çš„ `IF-THEN-ELSE` è¯­å¥ç›¸ä¼¼ï¼Œæœ‰ä»¥ä¸‹ä¸¤ç§ç”¨æ³•:

```SQL
decode(æ¡ä»¶,å€¼1,è¿”å›å€¼1,å€¼2,è¿”å›å€¼2,...å€¼n,è¿”å›å€¼n,ç¼ºçœå€¼)
-- å½“å­—æ®µæˆ–å­—æ®µçš„è¿ç®—çš„å€¼ç­‰äºå€¼1æ—¶ï¼Œè¯¥å‡½æ•°è¿”å›å€¼2ï¼Œå¦åˆ™è¿”å›å€¼3
decode(å­—æ®µæˆ–å­—æ®µçš„è¿ç®—ï¼Œå€¼1ï¼Œå€¼2ï¼Œå€¼3)
```

ä»¥ä¸Šç¬¬äºŒç§ç”¨æ³•å’Œå‡½æ•° **nvl** æœ‰ç‚¹ç±»ä¼¼:

* NVL(E1, E2) - å¦‚æœ E1 ä¸º NULLï¼Œåˆ™å‡½æ•°è¿”å› E2
* NVL2(E1, E2, E3) - å¦‚æœ E1 ä¸º NULLï¼Œåˆ™å‡½æ•°è¿”å› E3ï¼Œå¦åˆ™è¿”å› E2

### greatest

**greatest** å¯ä»¥ç”¨æ¥æ±‚å¤šåˆ—çš„æœ€å¤§å€¼ï¼Œåä¹‹ **least** å¯ä»¥æ±‚æœ€å°å€¼:

```SQL
SELECT chinese, math, english, GREATEST(chinese, math, english) As max, LEAST(chinese, math, english) As min FROM score
```

### to_char

**to_char** ä¸»è¦æœ‰ä»¥ä¸‹ä¸¤ç§ç”¨é€”:

* to_char(date,'æ ¼å¼') - æ—¥æœŸè½¬æ¢
* to_char(number,'æ ¼å¼') - æ•°å­—è½¬æ¢

```SQL
SELECT TO_CHAR(sysdate,'yyyy-MM-dd HH24:mi:ss') FROM dual
-- è·å–ä»Šå¹´çš„å¹´ä»½
SELECT TO_CHAR(sysdate,'yyyy') FROM dual
-- è·å–å½“å‰çš„æœˆä»½ 01-12
SELECT TO_CHAR(sysdate,'MM') FROM dual
-- å¦‚ä¸Šï¼Œå¦‚æœè·å–çš„æœˆä»½ä¸éœ€è¦å‰é¢ç•™ 0ï¼Œåˆ™å¯ä»¥ä½¿ç”¨ FM ä¿®é¥°ç¬¦(å¡«å……æ¨¡å¼)ã€‚ 1-12
SELECT TO_CHAR(sysdate,'FMMM') FROM dual


-- è¿”å› 2,333
SELECT TO_CHAR(2333,'9,999') FROM dual
```

### to_date æ—¥æœŸè½¬æ¢

**to_date** å¯ä»¥ç”¨æ¥åšæ—¥æœŸè½¬æ¢ï¼Œå¸¸ç”¨çš„ä¸€äº›æ ¼å¼å¦‚ä¸‹:

| æ ¼å¼ | æè¿° | æ —å­ |
|:--------------|:---------|:---------|
| yy | ä¸¤ä½å¹´ | æ˜¾ç¤ºå€¼ 19 |
| yyy | ä¸‰ä½å¹´ | æ˜¾ç¤ºå€¼ 019 |
| yyyy | å››ä½å¹´ | æ˜¾ç¤ºå€¼ 2019 |
| mm | ä¸¤ä½æœˆ | æ˜¾ç¤ºå€¼ 02 |
| mon | å­—ç¬¦é›†è¡¨ç¤º(ç®€) | æ˜¾ç¤ºå€¼ 02æœˆï¼Œè‹±æ–‡ç‰ˆä¸º Feb |
| month | å­—ç¬¦é›†è¡¨ç¤º | æ˜¾ç¤ºå€¼ 02æœˆï¼Œè‹±æ–‡ç‰ˆä¸º Febrary |
| dd | å½“æœˆç¬¬å‡ å¤© | æ˜¾ç¤ºå€¼ 02 |
| ddd | å½“å¹´ç¬¬å‡ å¤© | æ˜¾ç¤ºå€¼ 250 |
| dy | å½“å‘¨ç¬¬å‡ å¤©(ç®€) | æ˜¾ç¤ºå€¼ æ˜ŸæœŸäº”ï¼Œè‹±æ–‡ç‰ˆä¸º Fri |
| day | å½“å‘¨ç¬¬å‡ å¤© | æ˜¾ç¤ºå€¼ æ˜ŸæœŸäº”ï¼Œè‹±æ–‡ç‰ˆä¸º Friday |
| hh | 12 å°æ—¶åˆ¶ | æ˜¾ç¤ºå€¼ 01 |
| hh24 | 24 å°æ—¶åˆ¶ | æ˜¾ç¤ºå€¼ 13 |
| Q | å­£åº¦ | æ˜¾ç¤ºå€¼ 4 |
| W | å½“æœˆç¬¬å‡ å‘¨ | æ˜¾ç¤ºå€¼ 1 |
| WW | å½“å¹´ç¬¬å‡ å‘¨ | æ˜¾ç¤ºå€¼ 20 |

```SQL
SELECT TO_DATE('2019-02-14 13:14:52','yyyy-MM-dd HH24:mi:ss') FROM dual;
```

å¦å¤–æä¸€ä¸ªæ—¥æœŸæ—¶åˆ†ç§’ä¸º 0 æ—¶çš„ç®€å†™:

```SQL
SELECT * FROM t2001 WHERE flight_date = TO_DATE('2010-10-01','yyyy-MM-dd')
SELECT * FROM t2001 WHERE flight_date = date'2010-10-01'
```

### trunc

**trunc** å‡½æ•°ä¸»è¦æœ‰ä»¥ä¸‹ä¸¤ç§ç”¨é€”:

* trunc(date[, fmt]) - æˆªæ–­æ—¥æœŸ
* trunc(number,num_digits) - è¿”å›å¤„ç†åçš„æ•°å€¼, Num_digits ç”¨äºæŒ‡å®šå–æ•´ç²¾åº¦çš„æ•°å­—ï¼Œé»˜è®¤å€¼ä¸º 0

```SQL
-- ä»Šå¤©æ˜¯ 2019-02-04
SELECT trunc(sysdate) FROM dual
-- è¿”å›å½“æœˆç¬¬ä¸€å¤© 2019-02-01
SELECT trunc(sysdate, 'mm') FROM dual
```

```SQL
SELECT trunc(123.458) FROM dual --123
SELECT trunc(123.458,-1) FROM dual --120
SELECT trunc(123.458,1) FROM dual --123.4
```

### add_months

**add_months(time,months)** å‡½æ•°å¯ä»¥å¾—åˆ°æŸä¸€æ—¶é—´ä¹‹å‰æˆ–ä¹‹å n ä¸ªæœˆçš„æ—¶é—´ï¼Œç¬¦å· "-" è¡¨ç¤ºä¹‹å‰çš„æ—¶é—´:

```SQL
-- è¯¥æŸ¥è¯¢çš„ç»“æœæ˜¯å½“å‰æ—¶é—´åŠå¹´å‰çš„æ—¶é—´
-- dual è¡¨ç¤º Oracle æä¾›çš„æœ€å°çš„å·¥ä½œè¡¨ï¼Œåªæœ‰ä¸€è¡Œä¸€åˆ—ï¼Œå…·æœ‰æŸäº›ç‰¹æ®ŠåŠŸç”¨
SELECT ADD_MONTHS(sysdate,-6) FROM dual
-- æ‰¾å‡ºä»Šå¹´çš„å¤©æ•°
SELECT ADD_MONTHS(TRUNC(sysdate,'year'), 12) - TRUNC(sysdate,'year') FROM dual
```

### compute

**compute** å­å¥èƒ½å¤Ÿè§‚å¯Ÿ"æŸ¥è¯¢ç»“æœ"çš„æ•°æ®ç»†èŠ‚æˆ–ç»Ÿè®¡å„åˆ—æ•°æ®ï¼Œè¿”å›ç»“æœç”± select åˆ—è¡¨å’Œ compute ç»Ÿè®¡ç»“æœç»„æˆã€‚

```SHELL
SELECT * FROM A WHERE æ•°é‡>8 COMPUTE max(æ•°é‡),min(æ•°é‡),avg(æ•°é‡)
+------+------+-----------+
| ç±»åˆ« | æ•°é‡ |
+------+------+-----------+
| a | 11 | test1 |
| a | 11 | test2 |
| b | 11 | test3 |
| c | 9 | test4 |
| c | 9 | test5 |
| b | 10 | test6 |
+------+------+-----------+
| max | min | avg |
| 11 | 9 | 10 |
```

## å‚è€ƒé“¾æ¥

1. [SQL åŸºç¡€æ•™ç¨‹ - w3school](http://www.w3school.com.cn/sql/index.asp)
2. [Oracle group by é«˜çº§ç”¨æ³•å¯¹æ¯”æ•ˆæœ(ROLLUPã€GROUPING SETSã€CUBE)](https://blog.csdn.net/suyishuai/article/details/22042333) By suyishuai
3. [ä½¿ç”¨ GROUP BY WITH ROLLUP æ”¹å–„ç»Ÿè®¡æ€§èƒ½](https://blog.csdn.net/id19870510/article/details/6254358) By -droidcoffee-
4. [SQL ä¸­ Group By çš„ä½¿ç”¨](http://www.cnblogs.com/rainman/archive/2013/05/01/3053703.html) By Rain Man
5. [sql ä¸­ dropã€truncate å’Œ delete çš„åŒºåˆ«](https://www.cnblogs.com/dekevin/archive/2012/07/22/2604049.html) By dekevin
6. [SQL ä¸­ EXISTS çš„ç”¨æ³•](https://www.cnblogs.com/netserver/archive/2008/12/25/1362615.html) By Dsw
7. [é«˜æ•ˆ SQL è¯­å¥å¿…æ€æŠ€](https://blog.csdn.net/leshami/article/details/7406672) By Leshami
8. [EXISTSã€IN ä¸  JOINæ€§èƒ½åˆ†æ](https://blog.csdn.net/caomiao2006/article/details/52099450) By caomiao2006
